iteration,ReturnMean_mean,ReturnMean_std,ReturnMean_low,ReturnMean_up,RiverSwim_mu1_actor_mean,RiverSwim_mu1_actor_std,RiverSwim_mu1_actor_low,RiverSwim_mu1_actor_up,CumRegret_mean,CumRegret_std,CumRegret_low,CumRegret_up,PerStepRegret_mean,PerStepRegret_std,PerStepRegret_low,PerStepRegret_up,GridSize_mean,GridSize_std,GridSize_low,GridSize_up
0,0.11017442699999999,0.058288597142093695,0.0684772764961159,0.15187157750388408,0.00596162514,0.0023197246528220312,0.004302194089695327,0.007621056190304673,2.259825573,0.0582885971420937,2.218128422496116,2.301522723503884,2.259825573,0.0582885971420937,2.218128422496116,2.301522723503884,1.0,1e-10,0.9999999999284643,1.0000000000715357
25,1.1813953739999998,0.15505976276956365,1.070472301867425,1.2923184461325747,0.46674195765000004,0.4111036157362499,0.17265614707100108,0.760827768228999,30.903720276,4.031553829508658,28.019720402341445,33.78772014965856,1.188604626,0.15505976276956365,1.0776815538674251,1.299527698132575,3.0,1e-10,2.9999999999284643,3.0000000000715357
50,1.153601864,0.128843393360268,1.0614328527733685,1.2457708752266317,0.5123896233,0.4114944230959432,0.2180242459773475,0.8067550006226526,62.036304936,6.57101305637367,57.33568536701858,66.73692450498143,1.2163981360000002,0.128843393360268,1.1242291247733687,1.3085671472266318,3.0,1e-10,2.9999999999284643,3.0000000000715357
75,1.2197841699999998,0.11431382390012829,1.138008986627197,1.3015593533728027,0.7041052363000001,0.415643327536046,0.4067719115339827,1.0014385610660175,87.41640308000001,8.687850608909754,81.20148914903216,93.63131701096786,1.15021583,0.11431382390012829,1.0684406466271972,1.231991013372803,3.0,1e-10,2.9999999999284643,3.0000000000715357
100,1.041387425,0.08860422616977633,0.9780037799128668,1.104771070087133,0.510728386,0.320912467026318,0.2811614365064463,0.7402953354935538,134.189870075,8.949026833147407,127.7881219283531,140.59161822164685,1.3286125750000002,0.08860422616977638,1.265228929912867,1.3919962200871334,4.0,1e-10,3.9999999999284643,4.000000000071536
125,0.8816203739999999,0.06727225194198494,0.8334967039943196,0.9297440440056802,0.41763361690000006,0.3465051664512979,0.16975875313081856,0.6655084806691816,187.535832876,8.476303732190107,181.47225046422625,193.59941528777375,1.488379626,0.0672722519419849,1.4402559559943198,1.5365032960056801,4.0,1e-10,3.9999999999284643,4.000000000071536
150,0.9088038430000001,0.05950843056005352,0.8662340762364666,0.9513736097635335,0.5020944468599999,0.4750402426844046,0.16227112865032522,0.8419177650696746,220.64061970700004,8.985772999568072,214.21258493643685,227.06865447756323,1.4611961570000003,0.05950843056005354,1.4186263902364669,1.5037659237635337,4.0,1e-10,3.9999999999284643,4.000000000071536
175,0.948756103,0.060021012001108605,0.9058196575627447,0.9916925484372553,0.5190967453299999,0.5013159713240166,0.160476903179043,0.8777165874809569,250.138925872,10.563698094695097,242.58211148756183,257.69574025643817,1.421243897,0.06002101200110847,1.378307451562745,1.4641803424372553,4.0,1e-10,3.9999999999284643,4.000000000071536
200,0.9720288149999998,0.07812140790760576,0.9161441263505562,1.0279135036494436,0.53895802613,0.4866476157113274,0.19083129346554845,0.8870847587944515,280.992208185,15.702402969428752,269.7593857807689,292.22503058923104,1.3979711849999998,0.0781214079076058,1.342086496350556,1.4538558736494436,4.0,1e-10,3.9999999999284643,4.000000000071536
225,0.9940124889999999,0.07520314105883591,0.9402154026942362,1.0478095753057637,0.8124935477000002,0.30209683918278624,0.5963864875241505,1.0286006078758498,310.97317748600005,16.995909856796906,298.815035996993,323.1313189750071,1.375987511,0.0752031410588359,1.3221904246942362,1.4297845973057637,4.0,1e-10,3.9999999999284643,4.000000000071536
250,1.011771311,0.08452548457232474,0.9513054218821998,1.0722372001178,0.6325379958999999,0.4226824645089769,0.3301691758884503,0.9349068159115496,340.915400939,21.215896602653515,325.7384627883161,356.0923390896839,1.3582286890000002,0.08452548457232474,1.2977627998822001,1.4186945781178002,4.0,1e-10,3.9999999999284643,4.000000000071536
275,0.998716894,0.08431379017534642,0.9384024419310297,1.0590313460689702,0.22986130710000002,0.3194226610441433,0.0013601006043244823,0.4583625135956756,378.474137256,23.270606060895606,361.8273485046366,395.12092600736344,1.371283106,0.08431379017534642,1.3109686539310297,1.4315975580689702,5.0,1e-10,4.999999999928464,5.000000000071536
300,0.974725198,0.09225407950345293,0.9087306051249073,1.0407197908750927,0.395990457,0.3480919101428149,0.1469805051731152,0.6450004088268848,419.977715402,27.768477900539327,400.1133429680578,439.8420878359422,1.395274802,0.09225407950345285,1.3292802091249074,1.4612693948750928,5.0,1e-10,4.999999999928464,5.000000000071536
325,0.9403196480000002,0.08602198675447906,0.878783225711423,1.0018560702885775,0.709648964,0.2925672231237224,0.5003589804830781,0.9189389475169218,466.075794752,28.043167649460194,446.01492110917286,486.1366683948271,1.429680352,0.08602198675447913,1.3681439297114228,1.4912167742885774,5.0,1e-10,4.999999999928464,5.000000000071536
350,0.91754926,0.07860616467102198,0.8613177972521393,0.9737807227478608,0.6101822466,0.3861923773298583,0.33391686245084423,0.8864476307491558,509.8102097400001,27.590763764528724,490.0729663405385,529.5474531394617,1.4524507400000002,0.07860616467102198,1.3962192772521396,1.5086822027478608,5.0,1e-10,4.999999999928464,5.000000000071536
375,0.8922009709999997,0.07588040486225711,0.837919399355307,0.9464825426446924,0.6403322586,0.37658832629575006,0.3709371986832145,0.9097273185167855,555.652434904,28.531032190708686,535.2425639924213,576.0623058155786,1.4777990290000003,0.07588040486225708,1.4235174573553075,1.532080600644693,5.0,1e-10,4.999999999928464,5.000000000071536
400,0.890976077,0.08366122781082222,0.8311284399250569,0.9508237140749431,0.7814522361,0.40948776271949694,0.48852233713553966,1.0743821350644605,593.0885931230001,33.54815231213967,569.0896906845622,617.087495561438,1.4790239230000002,0.08366122781082216,1.4191762859250572,1.5388715600749432,5.0,1e-10,4.999999999928464,5.000000000071536
425,0.915468651,0.08142902645880833,0.8572178345776967,0.9737194674223032,0.7745592749999999,0.34184951064962626,0.5300148667602823,1.0191036832397173,619.630354674,34.68876522895233,594.8155069085016,644.4452024394985,1.454531349,0.08142902645880837,1.3962805325776968,1.5127821654223033,5.0,1e-10,4.999999999928464,5.000000000071536
450,0.9294458320000001,0.07486410984535809,0.8758912740141312,0.9830003899858689,0.6262129154799999,0.46999172960975594,0.290001085963067,0.9624247449969328,649.6899297680001,33.763713495256454,625.5368241485643,673.8430353874359,1.440554168,0.07486410984535805,1.3869996100141313,1.4941087259858687,5.0,1e-10,4.999999999928464,5.000000000071536
475,0.941364409,0.07231573247358172,0.8896328503660046,0.9930959676339953,0.61710416457,0.3740091335693191,0.34955414798184953,0.8846541811581503,680.0305413160002,34.42228860992489,655.4063194401978,704.6547631918025,1.4286355910000004,0.07231573247358174,1.376904032366005,1.4803671496339958,5.0,1e-10,4.999999999928464,5.000000000071536
500,0.9492546930000001,0.0722883608115422,0.897542714873472,1.0009666711265282,0.5707333742,0.38501461627200184,0.29531050955714394,0.8461562388428561,711.7933988070001,36.21646871658268,685.8856978013774,737.7010998126228,1.4207453070000002,0.07228836081154218,1.3690333288734722,1.4724572851265283,5.0,1e-10,4.999999999928464,5.000000000071536
525,0.957384151,0.07694467038324493,0.9023412496651013,1.0124270523348986,0.6187711697999999,0.38458492118915333,0.34365569050211336,0.8938866490978865,743.0359365740001,40.47289656908687,714.0833705093996,771.9885026386005,1.4126158490000003,0.07694467038324493,1.3575729476651017,1.4676587503348988,5.0,1e-10,4.999999999928464,5.000000000071536
550,0.970249022,0.07167352996293437,0.9189768673670162,1.0215211766329837,0.55002729043,0.47880648858771957,0.20750976220387335,0.8925448186561267,771.262788878,39.492114954576884,743.0118317145706,799.5137460414295,1.399750978,0.07167352996293444,1.3484788233670162,1.4510231326329837,5.0,1e-10,4.999999999928464,5.000000000071536
575,0.98522199,0.07606650323279887,0.9308072916007537,1.0396366883992463,0.50474704909,0.43578484028604464,0.1930053540819393,0.8164887440980607,797.6321337600001,43.81430580459216,766.2892675231673,828.9749999968329,1.3847780100000002,0.07606650323279887,1.3303633116007538,1.4391927083992466,5.0,1e-10,4.999999999928464,5.000000000071536
600,0.988859448,0.07164195005255557,0.9376098842739952,1.040109011726005,0.53427486137,0.4645251021344963,0.20197362156976412,0.866576101170236,830.0654717520001,43.05681192158588,799.2644839955926,860.8664595084076,1.3811405520000002,0.07164195005255554,1.3298909882739953,1.432390115726005,5.0,1e-10,4.999999999928464,5.000000000071536
625,0.9966692500000001,0.06994230467577948,0.9466355393319423,1.0467029606680578,0.365662641,0.20125393795251356,0.22169424663551898,0.5096310353644811,859.7050495000001,43.783882664537956,828.3839466665057,891.0261523334945,1.3733307500000003,0.06994230467577947,1.3232970393319425,1.423364460668058,6.0,1e-10,5.999999999928464,6.000000000071536
650,0.9651182300000001,0.06669755756794152,0.9174056715836039,1.0128307884163963,0.778104179,0.06051966581226346,0.7348110181152555,0.8213973398847444,914.5780322700002,43.42010991172995,883.5171567874245,945.638907752576,1.4048817700000003,0.06669755756794152,1.357169211583604,1.4525943284163965,6.0,1e-10,5.999999999928464,6.000000000071536
675,0.9419466250000001,0.06485516348879691,0.8955520359116061,0.9883412140883941,0.3234418741,0.3239712283974568,0.09168681853594124,0.5551969296640589,965.3640815000001,43.84209045092671,934.0013393245324,996.7268236754678,1.4280533750000002,0.06485516348879686,1.3816587859116063,1.474447964088394,6.0,1e-10,5.999999999928464,6.000000000071536
700,0.928640135,0.06289269288580286,0.8836494128101867,0.9736308571898132,0.5873772017000001,0.34714657492068135,0.33904350195270866,0.8357109014472914,1010.3932653650002,44.087777642947835,978.854769160016,1041.9317615699842,1.4413598650000001,0.06289269288580285,1.3963691428101868,1.4863505871898135,6.0,1e-10,5.999999999928464,6.000000000071536
725,0.920335186,0.05982925772744722,0.8775359133066543,0.9631344586933457,0.6530933258000001,0.341493166437312,0.40880383085345784,0.8973828207465424,1052.456654964,43.4360410376267,1021.3843830404945,1083.5289268875058,1.4496648140000001,0.05982925772744724,1.4068655413066544,1.4924640866933458,6.0,1e-10,5.999999999928464,6.000000000071536
750,0.9133414550000001,0.05751158554331882,0.8722001451093049,0.9544827648906953,0.29527845420000004,0.30689860159274956,0.07573642012343956,0.5148204882765606,1093.9505672950004,43.19120066803244,1063.05344362074,1124.8476909692608,1.4566585450000005,0.05751158554331885,1.4155172351093053,1.4977998548906957,6.0,1e-10,5.999999999928464,6.000000000071536
775,0.90292175,0.058001037139256466,0.8614303075300213,0.9444131924699787,0.3566997130999999,0.37062801406945767,0.09156840369592628,0.6218310225040735,1138.452722,45.008804742563036,1106.2553626987367,1170.6500813012633,1.46707825,0.05800103713925649,1.425586807530021,1.5085696924699787,6.0,1e-10,5.999999999928464,6.000000000071536
800,0.898263848,0.061214370132602364,0.8544737255821061,0.942053970417894,0.43951842370000005,0.39432253391059857,0.15743707589433603,0.7215997715056641,1178.860657752,49.032710396214476,1143.7847697524955,1213.9365457515044,1.471736152,0.061214370132602336,1.427946029582106,1.5155262744178941,6.0,1e-10,5.999999999928464,6.000000000071536
825,0.892145532,0.06116543642272085,0.8483904146494037,0.9359006493505964,0.5303789359,0.420352570761875,0.22967682147057544,0.8310810503294245,1220.707790568,50.5226504026674,1184.5660636954244,1256.8495174405757,1.477854468,0.06116543642272085,1.4340993506494037,1.5216095853505964,6.0,1e-10,5.999999999928464,6.000000000071536
850,0.8840042200000001,0.060988532254277285,0.8403756522679917,0.9276327877320085,0.5649127214,0.4049400912552053,0.27523603062352414,0.8545894121764759,1264.58240878,51.901240863389994,1227.454497700866,1301.7103198591337,1.48599578,0.060988532254277326,1.4423672122679916,1.5296243477320086,6.0,1e-10,5.999999999928464,6.000000000071536
875,0.8809979130000001,0.05637953211203041,0.8406664253492844,0.9213294006507158,0.589473054,0.4089477860208936,0.29692943109593906,0.882016676904061,1304.365828212,49.38847004263861,1269.0354450925668,1339.6962113314332,1.489002087,0.056379532112030395,1.4486705993492843,1.5293335746507157,6.0,1e-10,5.999999999928464,6.000000000071536
900,0.877438178,0.05496735324780679,0.8381169022522469,0.9167594537477531,0.5100955419,0.383805066456897,0.23553793707047277,0.7846531467295271,1344.7982016219999,49.52558518627387,1309.3697322376565,1380.2266710063432,1.492561822,0.05496735324780678,1.4532405462522469,1.5318830977477533,6.0,1e-10,5.999999999928464,6.000000000071536
925,0.8770266459999998,0.05376065448835734,0.8385685905432232,0.9154847014567764,0.82246039,0.23033256923434095,0.6576903959324153,0.9872303840675848,1382.493325804,49.7823659637188,1346.8811665171954,1418.1054850908047,1.4929733540000003,0.053760654488357276,1.4545152985432237,1.531431409456777,6.0,1e-10,5.999999999928464,6.000000000071536
950,0.882232832,0.05318833887736856,0.8441841864679287,0.9202814775320713,0.40358971742999994,0.45306835267407397,0.07948414247604557,0.7276952923839544,1414.866576768,50.58211017737745,1378.682314934959,1451.0508386010408,1.487767168,0.053188338877368534,1.4497185224679288,1.5258158135320712,6.0,1e-10,5.999999999928464,6.000000000071536
975,0.8857819430000001,0.05500953765654218,0.8464304903441346,0.9251333956558656,0.5307890719,0.46941612921098425,0.19498900210339748,0.8665891416966025,1448.5968236320002,53.68930865528514,1410.1898059096227,1487.0038413543778,1.484218057,0.05500953765654217,1.4448666043441345,1.5235695096558657,6.0,1e-10,5.999999999928464,6.000000000071536
1000,0.897774125,0.05704033931592355,0.8569699243524761,0.9385783256475239,0.6037018129,0.4913348830207693,0.2522220111956935,0.9551816146043066,1473.698100875,57.09737955523952,1432.8530960983642,1514.5431056516356,1.4722258750000001,0.0570403393159236,1.4314216743524761,1.5130300756475241,6.0,1e-10,5.999999999928464,6.000000000071536
1025,0.90213404,0.05893907788375733,0.8599715636053776,0.9442965163946223,0.7719017137,0.3590129673257983,0.5150793081969651,1.028724119203035,1506.0304749600002,60.47149380623506,1462.7717742524417,1549.2891756675588,1.46786596,0.058939077883757345,1.4257034836053777,1.5100284363946221,6.0,1e-10,5.999999999928464,6.000000000071536
1050,0.908284468,0.06538384273649574,0.8615116845607308,0.9550572514392691,0.5297398872000001,0.4239158087413183,0.22648878587442828,0.832990988525572,1536.263024132,68.718418611057,1487.1048288124407,1585.4212194515594,1.461715532,0.0653838427364957,1.4149427485607309,1.508488315439269,6.0,1e-10,5.999999999928464,6.000000000071536
1075,0.9161941819999999,0.06885909536938449,0.866935352589864,0.9654530114101358,0.54882857634,0.43553293300885265,0.23726708494233834,0.8603900677376617,1564.295060168,74.09238650995773,1511.2925597995945,1617.2975605364054,1.4538058180000002,0.06885909536938448,1.4045469885898643,1.5030646474101361,6.0,1e-10,5.999999999928464,6.000000000071536
1100,0.9220249959999999,0.07059759608969171,0.8715225180935886,0.9725274739064111,0.5743068369700001,0.4855161015819505,0.2269895407521812,0.921624133187819,1594.2204794040003,77.72795318475067,1538.6172513077308,1649.8237075002698,1.4479750040000003,0.07059759608969177,1.397472526093589,1.4984774819064117,6.0,1e-10,5.999999999928464,6.000000000071536
1125,0.929382483,0.07353741731047456,0.8767769836810358,0.9819879823189642,0.6806829213000001,0.3282725277499456,0.4458509015395691,0.9155149410604311,1622.1353241419997,82.80313177909436,1562.9015319893238,1681.3691162946757,1.440617517,0.07353741731047453,1.3880120176810358,1.4932230163189641,6.0,1e-10,5.999999999928464,6.000000000071536
1150,0.9373084489999999,0.07274575460843857,0.8852692710621222,0.9893476269378776,0.7360105365499999,0.40570900595090886,0.44578379733586404,1.0262372757641358,1649.0279752010003,83.73036343931277,1589.1308814767692,1708.9250689252315,1.432691551,0.07274575460843853,1.3806523730621223,1.4847307289378777,6.0,1e-10,5.999999999928464,6.000000000071536
1175,0.943138523,0.0748730225813907,0.8895775892268593,0.9966994567731408,0.7504318419999999,0.32971541234481677,0.5145676447801353,0.9862960392198645,1677.9890969519997,88.05067443821548,1615.0014389188407,1740.9767549851588,1.426861477,0.07487302258139071,1.3733005432268595,1.4804224107731407,6.0,1e-10,5.999999999928464,6.000000000071536
1200,0.951632212,0.07138733862738712,0.9005647863153239,1.0026996376846762,0.68095005875,0.3947755885310034,0.39854461519285567,0.9633555023071444,1703.4597133880002,85.73619357149187,1642.127735226547,1764.7916915494534,1.418367788,0.07138733862738711,1.367300362315324,1.4694352136846762,6.0,1e-10,5.999999999928464,6.000000000071536
1225,0.963520559,0.06821809294836659,0.9147202750984715,1.0123208429015285,0.6641934932000001,0.4495521086872314,0.3426032876650478,0.9857836987349524,1724.3437946660001,83.63538183219751,1664.5146466903573,1784.172942641643,1.406479441,0.06821809294836663,1.3576791570984716,1.4552797249015286,6.0,1e-10,5.999999999928464,6.000000000071536
1250,0.9710009659999999,0.07076263090181993,0.92038042930101,1.0216215026989897,0.6200558090999999,0.4645409727689988,0.2877432161317708,0.952368402068229,1750.1477915340001,88.52405113317671,1686.8215002129834,1813.4740828550168,1.398999034,0.07076263090181992,1.3483784973010102,1.4496195706989898,6.0,1e-10,5.999999999928464,6.000000000071536
1275,0.973472536,0.0702818511072129,0.9231959284473249,1.0237491435526753,0.5213294882999999,0.38922099581663827,0.24289756100083054,0.7997614155991692,1781.9690440640002,89.67964188530367,1717.8160929179946,1846.1219952100057,1.396527464,0.0702818511072129,1.3462508564473248,1.4468040715526753,6.0,1e-10,5.999999999928464,6.000000000071536
1300,0.97557337,0.06509540499683124,0.9290069224897372,1.0221398175102627,0.3712941956,0.4095924531691417,0.07828940559939895,0.664298985600601,1814.1490456300003,84.68912177087746,1753.5660975121448,1874.7319937478558,1.39442663,0.06509540499683127,1.3478601824897372,1.4409930775102626,7.0,1e-10,6.999999999928464,7.000000000071536
1325,0.9699082049999997,0.06465700267907058,0.9236553716153326,1.0161610383846669,0.7488295164000001,0.34931271741611886,0.49894625165932005,0.9987127811406801,1856.5217201700002,85.73518541994751,1795.1904631967166,1917.8529771432839,1.400091795,0.06465700267907054,1.353838961615333,1.446344628384667,7.0,1e-10,6.999999999928464,7.000000000071536
1350,0.9681487719999999,0.0636477621942632,0.9226179057659067,1.0136796382340931,0.6432500725,0.40183565723646364,0.35579416003790504,0.9307059849620949,1893.9010090280003,85.98812658944962,1832.3888088423134,1955.4132092136872,1.4018512280000004,0.06364776219426319,1.3563203617659072,1.4473820942340936,7.0,1e-10,6.999999999928464,7.000000000071536
1375,0.9677240319999999,0.06261793227539612,0.9229298617103249,1.012518202289675,0.6341582750000001,0.32691970411956867,0.4002940069660951,0.8680225430339051,1929.5317319680003,86.1622746734451,1867.8949537477688,1991.1685101882317,1.4022759679999999,0.06261793227539612,1.3574817977103248,1.447070138289675,7.0,1e-10,6.999999999928464,7.000000000071536
1400,0.9644672009999999,0.06394861619480612,0.9187211167789349,1.010213285221065,0.8397796014999999,0.289746820452389,0.6325072125115834,1.0470519904884164,1969.151451399,89.59201114892338,1905.0611875054378,2033.2417152925623,1.4055327989999997,0.0639486161948061,1.3597867147789346,1.4512788832210648,7.0,1e-10,6.999999999928464,7.000000000071536
1425,0.96114917,0.062118906990986614,0.9167119808937723,1.0055863591062277,0.47739647639999994,0.4712047371837454,0.14031691353804088,0.814476039261959,2009.02128358,88.58156122664691,1945.6538520164577,2072.3887151435424,1.4088508300000004,0.06211890699098662,1.3644136408937726,1.4532880191062283,7.0,1e-10,6.999999999928464,7.000000000071536
1450,0.9589650519999999,0.06451699317028305,0.912812375384343,1.0051177286156567,0.4721166036000001,0.4068571727040433,0.18106851536982438,0.7631646918301758,2047.4117095480003,93.61415694508074,1980.444175882409,2114.379243213592,1.411034948,0.06451699317028307,1.364882271384343,1.457187624615657,7.0,1e-10,6.999999999928464,7.000000000071536
1475,0.955201511,0.06327273960290025,0.9099389197665264,1.0004641022334735,0.28304021420000003,0.31159080227255137,0.06014158196302796,0.5059388464369721,2088.242569764,93.39056350638079,2021.4349852089083,2155.0501543190917,1.414798489,0.06327273960290024,1.3695358977665266,1.4600610802334735,7.0,1e-10,6.999999999928464,7.000000000071536
1500,0.950772495,0.062082904137321517,0.9063610607837755,0.9951839292162246,0.576828876,0.37604535568336256,0.3078222338605152,0.8458355181394848,2130.260485005,93.18643896011957,2063.598922353751,2196.9220476562496,1.4192275049999998,0.06208290413732149,1.3748160707837753,1.4636389392162243,7.0,1e-10,6.999999999928464,7.000000000071536
1525,0.9479115690000001,0.06188681829603958,0.9036404061444961,0.992182731855504,0.5841357636999999,0.41908262902466314,0.2843421108624472,0.8839294165375525,2170.106945706,94.43928456725654,2102.5491512975927,2237.664740114407,1.4220884310000002,0.061886818296039606,1.3778172681444962,1.466359593855504,7.0,1e-10,6.999999999928464,7.000000000071536
1550,0.945585906,0.06339865495101389,0.900233240352688,0.990938571647312,0.5330167410000001,0.3812551685502952,0.26028322324743447,0.8057502587525657,2209.266259794,98.33131367402248,2138.924275485899,2279.6082441021003,1.4244140939999999,0.06339865495101384,1.3790614283526879,1.4697667596473118,7.0,1e-10,6.999999999928464,7.000000000071536
1575,0.9444398310000001,0.06197891334703055,0.9001027873137657,0.9887768746862344,0.7014692499999999,0.4004720670764975,0.41498879117572574,0.9879497088242741,2246.682826344,97.67876727742022,2176.8076456071635,2316.558007080837,1.4255601690000002,0.061978913347030574,1.381223125313766,1.4698972126862344,7.0,1e-10,6.999999999928464,7.000000000071536
1600,0.9425275260000001,0.061923483458369406,0.8982301344674157,0.9868249175325845,0.5149068723999999,0.3674688013659094,0.2520355276207826,0.7777782171792171,2285.3834308739997,99.13949685684942,2214.4633071447893,2356.30355460321,1.427472474,0.0619234834583694,1.3831750824674156,1.4717698655325844,7.0,1e-10,6.999999999928464,7.000000000071536
1625,0.9417287489999998,0.060940292550457985,0.8981346898732596,0.98532280812674,0.7148925330000001,0.34023088536203616,0.4715060195379096,0.9582790464620906,2322.3690541260003,99.08891552454465,2251.4851141021663,2393.252994149834,1.4282712510000002,0.06094029255045797,1.3846771918732599,1.4718653101267405,7.0,1e-10,6.999999999928464,7.000000000071536
1650,0.941816577,0.06120599826304868,0.898032443456807,0.985600710543193,0.66640337,0.3609538187215435,0.4081925630475911,0.924614176952409,2357.930831373,101.05110296729328,2285.6432270112223,2430.2184357347774,1.4281834230000001,0.06120599826304872,1.3843992894568071,1.4719675565431931,7.0,1e-10,6.999999999928464,7.000000000071536
1675,0.946156456,0.06159039633675484,0.9020973406401465,0.9902155713598535,0.7510538456,0.3835747030407431,0.47666103283109734,1.0254466583689026,2386.3617797439997,103.2255040929011,2312.5187025207074,2460.204856967292,1.423843544,0.06159039633675483,1.3797844286401464,1.4679026593598534,7.0,1e-10,6.999999999928464,7.000000000071536
1700,0.9486676710000002,0.06007565815597037,0.9056921340584808,0.9916432079415195,0.7709095930000001,0.3337365929899602,0.5321688164355493,1.009650369564451,2417.686291629,102.1886943533056,2344.5849034130865,2490.787679844914,1.4213323290000002,0.06007565815597032,1.378356792058481,1.4643078659415194,7.0,1e-10,6.999999999928464,7.000000000071536
1725,0.95143409,0.06432974421547343,0.9054153632172985,0.9974528167827015,0.6922062943999999,0.41940468761937016,0.3921822547226022,0.9922303340773977,2448.4447606599997,111.03313834340717,2369.016438356456,2527.8730829635433,1.4185659100000003,0.06432974421547345,1.3725471832172988,1.4645846367827018,7.0,1e-10,6.999999999928464,7.000000000071536
1750,0.9527989909999999,0.06614638722752808,0.9054807160929746,1.0001172659070252,0.7623190839999999,0.32359447817802145,0.5308335393072333,0.9938046286927665,2481.5189667590003,115.82232386040167,2398.6646675219868,2564.3732659960137,1.4172010090000005,0.06614638722752804,1.3698827340929753,1.4645192839070256,7.0,1e-10,6.999999999928464,7.000000000071536
1775,0.959610363,0.06453348928461382,0.9134458857750352,1.0057748402249649,0.7580341268,0.38862395060696014,0.4800292999147398,1.0360389536852603,2504.851995312,114.61147679197425,2422.863883887438,2586.8401067365617,1.410389637,0.06453348928461386,1.3642251597750352,1.4565541142249647,7.0,1e-10,6.999999999928464,7.000000000071536
1800,0.9627468349999999,0.06387104416167876,0.9170562424685413,1.0084374275314585,0.6754672844299999,0.4230071925449271,0.3728661679753769,0.978068400884623,2534.4629501649997,115.03175035518348,2452.1741931446068,2616.7517071853927,1.4072531650000002,0.06387104416167874,1.3615625724685416,1.4529437575314588,7.0,1e-10,6.999999999928464,7.000000000071536
1825,0.9693919790000001,0.06285803757431868,0.9244260477265849,1.0143579102734153,0.5846167595,0.44171510904176575,0.26863280578337945,0.9006007132166206,2557.5102463460003,114.77877642820589,2475.402455971297,2639.6180367207035,1.400608021,0.0628580375743187,1.3556420897265848,1.4455739522734152,7.0,1e-10,6.999999999928464,7.000000000071536
1850,0.975241599,0.059193701236241535,0.9328969760317612,1.0175862219682386,0.7496673034000001,0.3780383423408844,0.47923496449158576,1.0200996423084145,2581.697800251,109.56754080328291,2503.3179032691314,2660.0776972328686,1.3947584010000003,0.05919370123624144,1.3524137780317615,1.437103023968239,7.0,1e-10,6.999999999928464,7.000000000071536
1875,0.9787587089999998,0.0587540261262,0.9367286106581049,1.020788807341895,0.8041941570000001,0.30060402931183083,0.5891549886746125,1.0192333253253878,2609.968661916,110.22255282525116,2531.1201975607346,2688.817126271266,1.3912412910000003,0.058754026126200024,1.3492111926581052,1.4332713893418954,7.0,1e-10,6.999999999928464,7.000000000071536
1900,0.9836361809999999,0.058676338453947624,0.9416616570709581,1.025610704929042,0.6347624743999999,0.3695041037456904,0.37043516200770454,0.8990897867922952,2635.477619919,111.5437192109543,2555.6840500658095,2715.2711897721906,1.386363819,0.058676338453947596,1.3443892950709582,1.428338342929042,7.0,1e-10,6.999999999928464,7.000000000071536
1925,0.9865860659999999,0.057998323526880655,0.9450965647313743,1.0280755672686255,0.7733064898399998,0.3656463693806941,0.5117388343670352,1.0348741453129646,2664.4552368840004,111.70477092027218,2584.5464575783335,2744.3640161896674,1.383413934,0.057998323526880655,1.3419244327313744,1.4249034352686256,7.0,1e-10,6.999999999928464,7.000000000071536
1950,0.989060154,0.05758229971851459,0.9478682582357297,1.0302520497642702,0.5067490795,0.4539101196959722,0.18204134069372763,0.8314568183062725,2694.213639546,112.34306655582174,2613.8482510494036,2774.5790280425967,1.3809398460000002,0.057582299718514515,1.33974795023573,1.4221317417642705,7.0,1e-10,6.999999999928464,7.000000000071536
1975,0.993353991,0.05928807946903533,0.9509418539111607,1.0357661280888393,0.5320913556699998,0.4702850638827072,0.19566968745515861,0.8685130238848409,2720.2525137840003,117.15324483331383,2636.446131037737,2804.0588965302636,1.3766460090000001,0.05928807946903536,1.3342338719111608,1.4190581460888394,7.0,1e-10,6.999999999928464,7.000000000071536
2000,0.9952337659999999,0.057505429279930464,0.9540968600348344,1.0363706719651655,0.8771504699999999,0.27752886095546364,0.6786182827143579,1.075682657285642,2750.907234234001,115.068363789141,2668.592285540776,2833.2221829272257,1.3747662340000004,0.05750542927993046,1.333629328034835,1.4159031399651658,7.0,1e-10,6.999999999928464,7.000000000071536
2025,1.000357649,0.059885126398099606,0.9575184102672767,1.0431968877327231,0.6461705169,0.4397571254360828,0.3315872202774467,0.9607538135225534,2774.8954031260005,121.3272658800498,2688.103105598363,2861.687700653638,1.369642351,0.05988512639809957,1.3268031122672768,1.4124815897327232,7.0,1e-10,6.999999999928464,7.000000000071536
2050,1.0044835930000002,0.060626402017007176,0.9611140776340772,1.0478531083659233,0.6893651967000001,0.41247427833311423,0.3942988731666034,0.9844315202333968,2800.6741507570005,124.34475033188163,2711.7232748881406,2889.6250266258603,1.3655164070000003,0.06062640201700717,1.3221468916340773,1.4088859223659234,7.0,1e-10,6.999999999928464,7.000000000071536
2075,1.0094787219999999,0.06137069509987994,0.9655767714371911,1.0533806725628088,0.7014328742,0.3907564848228766,0.4219025242362037,0.9809632241637962,2824.442173128,127.40556281985089,2733.3017239080455,2915.5826223479544,1.3605212780000002,0.06137069509987997,1.3166193274371913,1.404423228562809,7.0,1e-10,6.999999999928464,7.000000000071536
2100,1.014993242,0.06165059300750987,0.9708910645360065,1.0590954194639937,0.7691870145599999,0.40407324261043404,0.4801304299479768,1.0582435991720232,2846.869198558001,129.52789569877814,2754.2105238563754,2939.527873259626,1.3550067580000003,0.06165059300750984,1.3109045805360067,1.3991089354639938,7.0,1e-10,6.999999999928464,7.000000000071536
2125,1.0181048559999997,0.060590725813394475,0.9747608618527092,1.0614488501472903,0.7165281103,0.4012819964764786,0.4294682628861152,1.0035879577138846,2874.1290761440005,128.8158828667766,2781.979744738874,2966.2784075491268,1.3518951440000002,0.06059072581339444,1.3085511498527098,1.3952391381472906,7.0,1e-10,6.999999999928464,7.000000000071536
2150,1.01921376,0.056034524738698334,0.9791290757564018,1.059298444243598,0.7332136470000001,0.4027650917906135,0.4450928571109632,1.0213344368890371,2905.5412022400005,120.53026249794016,2819.319046585823,2991.763357894178,1.3507862400000001,0.05603452473869836,1.3107015557564021,1.3908709242435982,7.0,1e-10,6.999999999928464,7.000000000071536
2175,1.021314576,0.056149327625000335,0.9811477667188624,1.0614813852811376,0.5578324332,0.4553749417668599,0.23207682380932637,0.8835880425906736,2934.7394826240006,122.18093669450094,2847.3365057838355,3022.1424594641658,1.3486854240000004,0.056149327625000356,1.3085186147188628,1.388852233281138,7.0,1e-10,6.999999999928464,7.000000000071536
2200,1.024027671,0.05804682577834509,0.9825034733108351,1.065551868689165,0.6087876966,0.48452884940656166,0.26217663804376223,0.9553987551562377,2962.4850961290003,127.76106331813759,2871.0903371725267,3053.879855085474,1.345972329,0.058046825778345086,1.3044481313108351,1.387496526689165,7.0,1e-10,6.999999999928464,7.000000000071536
2225,1.0260249890000002,0.05795277065917255,0.9845680742898755,1.0674819037101249,0.87789117,0.16074493496165804,0.7629011706782809,0.9928811693217192,2991.688374486,129.00286726481815,2899.4052825004296,3083.9714664715707,1.3439750110000002,0.05795277065917255,1.3025180962898755,1.3854319257101249,7.0,1e-10,6.999999999928464,7.000000000071536
2250,1.02899335,0.061883385801697006,0.9847246426030286,1.0732620573969713,0.6793002458,0.4271016899956844,0.37377010231757263,0.9848303892824275,3018.6059691500004,139.29950121462014,2918.9571089603733,3118.2548293396276,1.3410066500000002,0.061883385801697055,1.2967379426030288,1.3852753573969716,7.0,1e-10,6.999999999928464,7.000000000071536
2275,1.03206535,0.06167631613091255,0.9879447713220378,1.0761859286779625,0.7507955093999998,0.3834133026700458,0.47651815550089877,1.0250728632991009,3045.1392634000003,140.375295286457,2944.7208264917017,3145.557700308299,1.3379346500000002,0.06167631613091251,1.2938140713220379,1.3820552286779626,7.0,1e-10,6.999999999928464,7.000000000071536
2300,1.034824734,0.062414620357326235,0.9901760042949788,1.0794734637050214,0.9001758395999999,0.277452447146422,0.701698315460366,1.0986533637396338,3072.2382870660003,143.61604121220748,2969.5015601792784,3174.9750139527223,1.3351752659999998,0.06241462035732621,1.2905265362949785,1.3798239957050211,7.0,1e-10,6.999999999928464,7.000000000071536
2325,1.038559305,0.06297429198924125,0.9935102103280224,1.0836083996719774,0.5653731988,0.4580256749287545,0.23772136913612762,0.8930250284638724,3096.9310565700002,146.4782029344753,2992.146862529301,3201.7152506106995,1.331440695,0.06297429198924127,1.2863916003280225,1.3764897896719774,7.0,1e-10,6.999999999928464,7.000000000071536
2350,1.0427525069999999,0.06288738731660243,0.9977655801857541,1.0877394338142456,0.7081118553400001,0.43125145877488574,0.3996131461032646,1.0166105645767356,3120.358856043,147.84824734633227,3014.594591270817,3226.1231208151826,1.327247493,0.06288738731660241,1.2822605661857542,1.3722344198142458,7.0,1e-10,6.999999999928464,7.000000000071536
2375,1.0453318039999997,0.06185273899810055,1.0010850200056265,1.089578587994373,0.63326554996,0.4565391872202826,0.3066770895439965,0.9598540103760034,3147.4116336960005,146.9621076219869,3042.281275095267,3252.541992296734,1.3246681960000002,0.06185273899810052,1.280421412005627,1.3689149799943734,7.0,1e-10,6.999999999928464,7.000000000071536
2400,1.048269076,0.061809586179341625,1.0040531616725372,1.0924849903274627,0.7354706686299999,0.3708176202359948,0.47020372314528275,1.000737614114717,3173.475948524,148.4048161765991,3067.313538395448,3279.638358652552,1.321730924,0.0618095861793416,1.2775150096725372,1.3659468383274627,7.0,1e-10,6.999999999928464,7.000000000071536
2425,1.039732497,0.061467044334659944,0.9957616223467081,1.0837033716532918,0.6806884870000001,0.22865191903798515,0.517120757656869,0.8442562163431311,3227.2289622780004,149.1190493133849,3120.5556205425883,3333.9023040134125,1.3302675030000004,0.061467044334659944,1.2862966283467085,1.3742383776532923,8.0,1e-10,7.999999999928464,8.000000000071536
2450,1.0328997599999998,0.061200649703073866,0.9891194525861217,1.076680067413878,0.5373061385,0.3685145903810132,0.27368668132665885,0.8009255956733411,3277.2326882400002,150.00279217723408,3169.927154943847,3384.5382215361533,1.33710024,0.06120064970307391,1.293319932586122,1.3808805474138781,8.0,1e-10,7.999999999928464,8.000000000071536
2475,1.025549529,0.060829977205648686,0.9820343847170018,1.0690646732829985,0.28247420069999996,0.34607460421871633,0.03490734259733805,0.5300410588026618,3328.8593661960003,150.6150233136862,3221.115869128347,3436.6028632636535,1.344450471,0.0608299772056487,1.3009353267170016,1.3879656152829984,8.0,1e-10,7.999999999928464,8.000000000071536
2500,1.018943765,0.06036185517304194,0.9757634950458554,1.0621240349541445,0.37753262419999994,0.347384470459965,0.12902874423578667,0.6260365041642132,3378.9916437350003,150.96499953777774,3270.997788758524,3486.9854987114763,1.351056235,0.060361855173041906,1.3078759650458553,1.3942365049541445,8.0,1e-10,7.999999999928464,8.000000000071536
2525,1.014033747,0.05963882809178812,0.9713706994616211,1.056696794538379,0.4840325502000001,0.3902604008280697,0.2048570773478215,0.7632080230521787,3425.170755078,150.64767950735686,3317.4038971766827,3532.9376129793177,1.355966253,0.05963882809178813,1.3133032054616212,1.398629300538379,8.0,1e-10,7.999999999928464,8.000000000071536
2550,1.013287577,0.05954873040382504,0.9706889814649159,1.055886172535084,0.5850289758,0.4739798563366229,0.2459642122871888,0.9240937393128112,3460.9733910730006,151.90881100515756,3352.304374045417,3569.6424081005844,1.3567124230000003,0.05954873040382504,1.3141138274649162,1.3993110185350843,8.0,1e-10,7.999999999928464,8.000000000071536
2575,1.0120024399999998,0.058677280100718064,0.9700272424574378,1.053977637542562,0.9066666000000001,0.1931661047419012,0.7684838929769231,1.044849307023077,3498.201714560001,151.15267328194966,3390.0736058745656,3606.3298232454367,1.3579975600000003,0.058677280100718064,1.316022362457438,1.3999727575425625,8.0,1e-10,7.999999999928464,8.000000000071536
2600,1.009293977,0.05851291318260009,0.9674363604674238,1.0511515935325764,0.6821829583,0.38023147326153894,0.4101817480418373,0.9541841685581627,3539.196365823,152.19208692794277,3430.324705407762,3648.0680262382384,1.3607060230000003,0.0585129131826001,1.318848406467424,1.4025636395325767,8.0,1e-10,7.999999999928464,8.000000000071536
2625,1.0068887720000002,0.05719530899561136,0.9659737127218982,1.047803831278102,0.6501191320999999,0.3883029791677746,0.37234391435037456,0.9278943498496253,3579.530084728,150.19488115997552,3472.0871392514855,3686.9730302045145,1.3631112280000002,0.057195308995611364,1.3221961687218984,1.404026287278102,8.0,1e-10,7.999999999928464,8.000000000071536
2650,1.005714542,0.0558762232224667,0.965743099839261,1.045685984160739,0.726118976,0.36220550639061283,0.46701276562942656,0.9852251863705734,3616.720749158,148.12786749775915,3510.7564561794507,3722.68504213655,1.364285458,0.055876223222466694,1.3243140158392608,1.404256900160739,8.0,1e-10,7.999999999928464,8.000000000071536
2675,1.003054892,0.05387872145170373,0.9645123765256287,1.0415974074743712,0.4752614983999999,0.40527899414030905,0.18534237110421786,0.765180625695782,3657.945109008,144.17945833725912,3554.8053377899405,3761.08488022606,1.366945108,0.05387872145170372,1.3284025925256286,1.4054876234743712,8.0,1e-10,7.999999999928464,8.000000000071536
2700,1.001875957,0.05404068194047322,0.963217581971496,1.0405343320285039,0.46692390810000006,0.43960888206827764,0.15244665839436777,0.7814011578056324,3695.3030401429996,145.96388165121806,3590.8867693841567,3799.7193109018426,1.3681240430000003,0.0540406819404732,1.3294656679714965,1.4067824180285042,8.0,1e-10,7.999999999928464,8.000000000071536
2725,1.001134697,0.053916171419078875,0.9625653914328391,1.0397040025671607,0.7595140720000001,0.32815261744305035,0.5247678309057016,0.9942603130942986,3731.5268159780003,146.97548301590902,3626.386889196855,3836.6667427591456,1.3688653030000002,0.05391617141907889,1.3302959974328394,1.407434608567161,8.0,1e-10,7.999999999928464,8.000000000071536
2750,0.9993050890000001,0.05425038294653332,0.9604967029086259,1.0381134750913743,0.772869244,0.3398864347863381,0.5297291356359944,1.0160093523640055,3770.7817001610006,149.24280321091317,3664.019830220353,3877.543570101648,1.3706949110000004,0.05425038294653333,1.3318865249086262,1.4095032970913746,8.0,1e-10,7.999999999928464,8.000000000071536
2775,0.9984419320000001,0.054041888612688826,0.9597826937701934,1.0371011702298067,0.6953184414000001,0.41351313460092626,0.39950896486113197,0.9911279179388682,3807.4451967680006,150.0202825113243,3700.127151640569,3914.763241895432,1.3715580680000001,0.054041888612688854,1.3328988297701936,1.4102173062298067,8.0,1e-10,7.999999999928464,8.000000000071536
2800,0.9971258729999999,0.05399324172304806,0.9585014346586509,1.0357503113413489,0.5703877594000001,0.4108421755142248,0.2764889718893206,0.8642865469106795,3845.4204297270007,151.23506978625744,3737.233378133182,3953.6074813208193,1.372874127,0.05399324172304801,1.334249688658651,1.411498565341349,8.0,1e-10,7.999999999928464,8.000000000071536
2825,0.99513456,0.05435153105190607,0.9562538169129233,1.0340153030870767,0.5362460204999999,0.41523136776940467,0.239207393998024,0.8332846470019759,3885.36973344,153.59742647018672,3775.492753678009,3995.2467132019906,1.3748654400000002,0.0543515310519061,1.3359846969129234,1.413746183087077,8.0,1e-10,7.999999999928464,8.000000000071536
2850,0.994339025,0.05403729506095593,0.9556830727991484,1.0329949772008518,0.5522998415999999,0.3721038544551493,0.28611277958393805,0.8184869036160618,3922.009439725001,154.06032793378546,3811.8013202042494,4032.2175592457525,1.3756609750000002,0.05403729506095593,1.3370050227991486,1.4143169272008518,8.0,1e-10,7.999999999928464,8.000000000071536
2875,0.9925283149999998,0.05284600721488711,0.9547245587868108,1.0303320712131887,0.6669986480000001,0.3810613322185537,0.3944037924059703,0.9395935035940299,3961.60856606,151.98511646251538,3852.8849633965337,4070.3321687234666,1.3774716850000002,0.052846007214887115,1.3396679287868112,1.4152754412131892,8.0,1e-10,7.999999999928464,8.000000000071536
2900,0.9914160360000001,0.05304810100919543,0.9534677105954025,1.0293643614045975,0.4289438787,0.3541378955002921,0.1756088894943557,0.6822788679056443,3999.2720795640003,153.892540737676,3889.183987772716,4109.360171355284,1.3785839640000002,0.05304810100919546,1.3406356385954026,1.4165322894045977,8.0,1e-10,7.999999999928464,8.000000000071536
2925,0.9897669410000001,0.05301052774392633,0.9518454938901919,1.0276883881098082,0.6418391000000001,0.3745840336233868,0.37387782468793984,0.9098003753120604,4038.5619306340004,155.10880388622851,3927.6037765999436,4149.520084668057,1.3802330590000005,0.05301052774392638,1.3423116118901923,1.4181545061098086,8.0,1e-10,7.999999999928464,8.000000000071536
2950,0.989629519,0.05395387917876184,0.951033238926542,1.028225799073458,0.865694864,0.22411234581512438,0.7053745497119197,1.0260151782880802,4073.473289431,159.21789716152608,3959.575667145256,4187.370911716745,1.380370481,0.05395387917876184,1.3417742009265419,1.418966761073458,8.0,1e-10,7.999999999928464,8.000000000071536
2975,0.990414004,0.05427330308932182,0.9515892218261965,1.0292387861738035,0.5876508221000001,0.45871157918898264,0.2595083260867512,0.9157933181132489,4105.647924096001,161.51734969632193,3990.1053725595802,4221.190475632421,1.379585996,0.054273303089321864,1.3407612138261966,1.4184107781738036,8.0,1e-10,7.999999999928464,8.000000000071536
3000,0.993892204,0.05316422536640913,0.9558608082345204,1.0319235997654796,0.6539551620999999,0.44391245918096306,0.3363993187865087,0.9715110054134912,4129.6994957960005,159.54584002459407,4015.567277318403,4243.831714273598,1.3761077959999999,0.05316422536640916,1.3380764002345202,1.4141391917654795,8.0,1e-10,7.999999999928464,8.000000000071536
3025,0.9952128439999999,0.053895834939036415,0.9566580862742803,1.0337676017257196,0.6879591945000001,0.42997360601717616,0.3803746060582827,0.9955437829417175,4160.1059340560005,163.08879622302427,4043.4392373943683,4276.772630717633,1.3747871560000002,0.053895834939036436,1.3362323982742805,1.41334191372572,8.0,1e-10,7.999999999928464,8.000000000071536
3050,0.996868877,0.05292298992915917,0.9590100506705176,1.0347277033294824,0.8807727355999999,0.2836074304237013,0.6778922016669415,1.0836532695330583,4189.423056273001,161.46804196886458,4073.9157773599336,4304.930335186068,1.373131123,0.05292298992915915,1.3352722966705177,1.4109899493294824,8.0,1e-10,7.999999999928464,8.000000000071536
3075,0.998901142,0.052054096697289554,0.9616638844444709,1.036138399555529,0.7704398273999999,0.3863086191278129,0.4940912888779171,1.0467883659220827,4217.500087208,160.11840113336237,4102.958283187165,4332.041891228835,1.3710988580000003,0.05205409669728956,1.3338616004444712,1.4083361155555294,8.0,1e-10,7.999999999928464,8.000000000071536
3100,1.002233809,0.05117987301293252,0.965621933394423,1.038845684605577,0.5671911361000002,0.4477992127446742,0.2468548767829724,0.887527395417028,4241.442958291,158.70878590310375,4127.909532259866,4354.9763843221335,1.367766191,0.05117987301293249,1.3311543153944232,1.404378066605577,8.0,1e-10,7.999999999928464,8.000000000071536
3125,1.0040747709999998,0.05066648787310928,0.9678301489996087,1.0403193930003907,0.6253052871,0.4173642668447223,0.3267408765147957,0.9238696976852043,4269.882265854,158.38344077883968,4156.581577704327,4383.182954003673,1.365925229,0.05066648787310932,1.329680606999609,1.4021698510003908,8.0,1e-10,7.999999999928464,8.000000000071536
3150,1.00662026,0.048970563825913714,0.9715888289787414,1.0416516910212585,0.4547052509,0.4526133630900569,0.1309251558871088,0.7784853459128913,4296.009560740001,154.30624630045403,4185.625521817353,4406.393599662649,1.3633797400000003,0.04897056382591369,1.3283483089787418,1.3984111710212588,8.0,1e-10,7.999999999928464,8.000000000071536
3175,1.00839524,0.04806503258503799,0.9740115870054576,1.0427788929945423,0.78037605487,0.3984408223602406,0.4953486609811798,1.0654034487588202,4324.456717760001,152.6545431725809,4215.25423607646,4433.659199443542,1.36160476,0.048065032585038005,1.3272211070054578,1.3959884129945423,8.0,1e-10,7.999999999928464,8.000000000071536
3200,1.0111171939999999,0.04721902882581872,0.9773387356370768,1.044895652362923,0.7075640599499999,0.38498527937985455,0.4321621816555406,0.9829659382444593,4349.783862005999,151.1481109514457,4241.659017015197,4457.908706996802,1.3588828060000002,0.04721902882581874,1.3251043476370772,1.3926612643629233,8.0,1e-10,7.999999999928464,8.000000000071536
3225,1.012363354,0.0477830425574921,0.9781814245190725,1.0465452834809277,0.61932240887,0.43043683364312635,0.3114064473470311,0.927238370392969,4379.735819996001,154.14809496796914,4269.464915721232,4490.00672427077,1.357636646,0.047783042557492064,1.3234547165190724,1.3918185754809276,8.0,1e-10,7.999999999928464,8.000000000071536
3250,1.013767382,0.047426403943846,0.9798405764142734,1.0476941875857264,0.8209374520000001,0.31602888595479955,0.5948640059517364,1.0470108980482637,4409.112241118,154.1832388964434,4298.816196391294,4519.408285844706,1.356232618,0.047426403943845966,1.3223058124142735,1.3901594235857264,8.0,1e-10,7.999999999928464,8.000000000071536
3275,1.01559761,0.04627448793481385,0.9824948354864118,1.048700384513588,0.5589138641000001,0.44585179031829725,0.23997070686448801,0.8778570213355121,4437.02222964,151.59522214694996,4328.577540567765,4545.4669187122345,1.35440239,0.046274487934813854,1.3212996154864118,1.387505164513588,8.0,1e-10,7.999999999928464,8.000000000071536
3300,1.01690757,0.04818619149958975,0.9824372451392155,1.0513778948607848,0.7220623083,0.3885388579376385,0.4441183530433849,1.0000062635566151,4466.55811143,159.06261781014558,4352.7715693006185,4580.344653559382,1.3530924300000002,0.048186191499589755,1.3186221051392155,1.387562754860785,8.0,1e-10,7.999999999928464,8.000000000071536
3325,1.018095415,0.04661649312746854,0.9847479847099747,1.051442845290025,0.48203588489,0.46544291088160766,0.14907808426417435,0.8149936855158256,4496.434649710001,155.04645580946035,4385.521096803233,4607.348202616769,1.3519045850000002,0.046616493127468586,1.318557154709975,1.3852520152900254,8.0,1e-10,7.999999999928464,8.000000000071536
3350,1.022095654,0.047000522806903644,0.9884735054267,1.0557178025732998,0.981409967,0.03426409631386635,0.9568989090756517,1.0059210249243484,4516.827463446,157.49875159093375,4404.159643816517,4629.495283075484,1.347904346,0.04700052280690363,1.3142821974267,1.3815264945733,8.0,1e-10,7.999999999928464,8.000000000071536
3375,1.0239536490000003,0.0471179030150026,0.9902475316842146,1.0576597663157858,0.7778923575,0.37393244668621745,0.5103971994032723,1.0453875155967276,4544.252480976001,159.07004024114863,4430.460629159342,4658.04433279266,1.3460463510000003,0.0471179030150026,1.3123402336842147,1.3797524683157858,8.0,1e-10,7.999999999928464,8.000000000071536
3400,1.02573505,0.046340914791860935,0.9925847565754825,1.0588853434245173,0.7448913298,0.38872352148911293,0.46681527419655994,1.02296738540344,4571.845094950001,157.60545086711886,4459.100947256439,4684.589242643563,1.3442649500000001,0.04634091479186095,1.3111146565754828,1.3774152434245175,8.0,1e-10,7.999999999928464,8.000000000071536
3425,1.02762253,0.04523643130585808,0.9952623364647052,1.0599827235352945,0.7815493455999999,0.3862830896829131,0.5052190697426312,1.0578796214573685,4598.985212220001,154.9800133113695,4488.119189413092,4709.85123502691,1.3423774700000002,0.04523643130585808,1.3100172764647056,1.3747376635352948,8.0,1e-10,7.999999999928464,8.000000000071536
3450,1.030102839,0.0451749716066391,0.9977866110849793,1.0624190669150206,0.4705309442000001,0.4314921532924561,0.1618600524778957,0.7792018359221045,4623.985102611,155.89882666951155,4512.461800323062,4735.508404898938,1.339897161,0.045174971606639074,1.3075809330849792,1.3722133889150205,8.0,1e-10,7.999999999928464,8.000000000071536
3475,1.03329197,0.04586976869758143,1.000478714187738,1.066105225812262,0.6399362459999999,0.4484155905401299,0.319159056570317,0.9607134354296827,4646.39711228,159.44331564529287,4532.3382353251645,4760.455989234836,1.33670803,0.0458697686975814,1.303894774187738,1.369521285812262,8.0,1e-10,7.999999999928464,8.000000000071536
3500,1.034912746,0.046598730906720065,1.0015780220372523,1.0682474699627478,0.5581267481700001,0.478778209898388,0.21562944929957806,0.9006240470404221,4674.140476254,163.14215655442695,4557.435607910795,4790.8453445972045,1.3350872540000003,0.046598730906720065,1.3017525300372526,1.368421977962748,8.0,1e-10,7.999999999928464,8.000000000071536
3525,1.037402696,0.046160034384357354,1.0043817966241417,1.0704235953758583,0.684344389,0.4634101850103861,0.35284071286406116,1.015848065135939,4698.7380939039995,162.76028088674406,4582.306402956887,4815.169784851112,1.3325973040000003,0.046160034384357375,1.299576404624142,1.3656182033758586,8.0,1e-10,7.999999999928464,8.000000000071536
3550,1.03945629,0.045944431762279754,1.0065896234487863,1.0723229565512136,0.6744530724,0.42407538273936973,0.3710878187129116,0.9778183260870883,4724.7607142100005,163.1486768328553,4608.0511815405935,4841.470246879408,1.3305437100000002,0.045944431762279775,1.2976770434487865,1.3634103765512138,8.0,1e-10,7.999999999928464,8.000000000071536
3575,1.042454916,0.04497847178189478,1.0102792555916287,1.0746305764083715,0.6933919881099999,0.3829983273346755,0.419411489682856,0.9673724865371438,4747.301220384,160.84301473455557,4632.241059019404,4862.361381748596,1.327545084,0.0449784717818948,1.2953694235916287,1.3597207444083714,8.0,1e-10,7.999999999928464,8.000000000071536
3600,1.04479268,0.044698682394890554,1.0128171688618344,1.0767681911381657,0.9238617440000001,0.13352807469960082,0.8283415136250897,1.0193819743749104,4772.07155932,160.95995494400074,4656.927743968994,4887.215374671006,1.32520732,0.044698682394890554,1.2932318088618344,1.3571828311381657,8.0,1e-10,7.999999999928464,8.000000000071536
3625,1.047130003,0.044340898252371426,1.0154104352190256,1.0788495707809742,0.656475543,0.42603757132892484,0.3517066241545921,0.9612444618454079,4796.726609122001,160.78009670059893,4681.711456607505,4911.741761636496,1.3228699970000002,0.044340898252371426,1.291150429219026,1.3545895647809745,8.0,1e-10,7.999999999928464,8.000000000071536
3650,1.0490266059999998,0.04379197475567212,1.017699714433229,1.0803534975667706,0.6575719489999999,0.4277600063169534,0.3515708743908514,0.9635730236091484,4822.873861494,159.88449946795888,4708.499380644826,4937.248342343175,1.3209733940000001,0.04379197475567214,1.2896465024332293,1.352300285566771,8.0,1e-10,7.999999999928464,8.000000000071536
3675,1.0498054370000003,0.042606647334509196,1.0193264775897735,1.080284396410227,0.8777278580000001,0.2439559469054748,0.7032122866329696,1.0522434293670306,4853.035213588,156.62203523415582,4740.9945590588995,4965.075868117101,1.320194563,0.042606647334509216,1.2897156035897732,1.3506735224102269,8.0,1e-10,7.999999999928464,8.000000000071536
3700,1.050908915,0.04333600572961512,1.0199082040249194,1.0819096259750804,0.878493913,0.1775191426561228,0.7515043683621627,1.0054834576378373,4881.956105585001,160.38655683530536,4767.22247453091,4996.689736639091,1.3190910850000002,0.043336005729615094,1.2880903740249199,1.3500917959750804,8.0,1e-10,7.999999999928464,8.000000000071536
3725,1.05272677,0.04283538457418462,1.0220841818257227,1.0833693581742774,0.7033268854,0.39761576734917004,0.4188897003111399,0.9877640704888601,4908.1600549800005,159.60464255091185,4793.985771709114,5022.334338250887,1.31727323,0.04283538457418462,1.2866306418257227,1.3479158181742774,8.0,1e-10,7.999999999928464,8.000000000071536
3750,1.0534917400000001,0.04403526047070746,1.0219908123168593,1.084992667683141,0.6360674119999999,0.43812713138393067,0.3226501428793152,0.9494846811206847,4938.22248326,165.1762616506236,4820.062503788798,5056.382462731203,1.3165082600000002,0.04403526047070743,1.2850073323168594,1.348009187683141,8.0,1e-10,7.999999999928464,8.000000000071536
3775,1.0556105949999999,0.04449837428085225,1.0237783756545298,1.08744281434547,0.7558692426,0.3287914243308437,0.5206660265869484,0.9910724586130516,4963.13439328,168.02586090699822,4842.935933301553,5083.332853258447,1.314389405,0.04449837428085228,1.28255718565453,1.34622162434547,8.0,1e-10,7.999999999928464,8.000000000071536
3800,1.0582734399999998,0.044949454797772605,1.0261185370916102,1.0904283429083894,0.6763934130000001,0.3966061053262973,0.3926784966118801,0.9601083293881201,4985.872654560001,170.85287730633348,4863.651868877048,5108.093440242954,1.31172656,0.044949454797772605,1.2795716570916105,1.3438814629083897,8.0,1e-10,7.999999999928464,8.000000000071536
3825,1.059936145,0.046038892210731555,1.027001905514647,1.092870384485353,0.792638344,0.3287367348331614,0.5574742504967984,1.0278024375032015,5012.30430923,176.14480121575886,4886.297909232664,5138.310709227337,1.310063855,0.046038892210731555,1.2771296155146472,1.342998094485353,8.0,1e-10,7.999999999928464,8.000000000071536
3850,1.0608377900000001,0.04765499576295813,1.0267474596778274,1.0949281203221728,0.57185714083,0.4489100737813799,0.25072621939881123,0.8929880622611889,5041.583670710001,183.5193882981518,4910.301808914726,5172.865532505275,1.30916221,0.04765499576295813,1.2750718796778273,1.3432525403221727,8.0,1e-10,7.999999999928464,8.000000000071536
3875,1.0640784349999999,0.047138190291111076,1.030357805041147,1.0977990649588527,0.8447345900000002,0.24058797119476422,0.6726283233167071,1.0168408566832934,5061.75198594,182.7076251808467,4931.050824496687,5192.453147383313,1.3059215650000002,0.047138190291111104,1.2722009350411474,1.339642194958853,8.0,1e-10,7.999999999928464,8.000000000071536
3900,1.0644931300000002,0.04842284998802172,1.0298535098551636,1.099132750144837,0.661286959,0.44524229977567986,0.342779805033262,0.979794112966738,5092.78229987,188.89753741327283,4957.653141963981,5227.911457776019,1.3055068700000003,0.04842284998802174,1.2708672498551636,1.340146490144837,8.0,1e-10,7.999999999928464,8.000000000071536
3925,1.06666611,0.047502753833686066,1.0326846869933075,1.1006475330066923,0.7131509738999999,0.4080540485874238,0.42124669224107986,1.00505525555892,5116.88885214,186.49581115855156,4983.477785696504,5250.299918583497,1.3033338900000002,0.04750275383368609,1.2693524669933078,1.3373153130066926,8.0,1e-10,7.999999999928464,8.000000000071536
3950,1.067803333,0.047299625949166264,1.0339672189282905,1.1016394470717097,0.6137849388000001,0.4407277398922365,0.2985073064232197,0.9290625711767804,5144.979031317001,186.880821730156,5011.292544902242,5278.665517731759,1.3021966669999998,0.047299625949166264,1.2683605529282902,1.3360327810717094,8.0,1e-10,7.999999999928464,8.000000000071536
3975,1.0703066399999999,0.046404374881723644,1.0371109499619469,1.1035023300380529,0.8580262439,0.3105727193968247,0.6358559042790112,1.080196583520989,5167.580799360001,184.5037941322333,5035.594736053056,5299.566862666946,1.2996933600000002,0.04640437488172367,1.2664976699619472,1.3328890500380532,8.0,1e-10,7.999999999928464,8.000000000071536
4000,1.07265959,0.0465738813198532,1.0393426423608274,1.1059765376391726,0.7191508843000001,0.4130688269265959,0.4236592463243319,1.0146425222756683,5190.658980410001,186.34209876073268,5057.357873191815,5323.9600876281875,1.29734041,0.046573881319853176,1.2640234623608277,1.3306573576391725,8.0,1e-10,7.999999999928464,8.000000000071536
4025,1.073369933,0.04674790083066383,1.0399284993019986,1.1068113666980013,0.71548863937,0.4224642617039409,0.41327591224193105,1.017701366498069,5220.232649742002,188.2070483417525,5085.597437961779,5354.867861522224,1.2966300670000002,0.04674790083066383,1.2631886333019988,1.3300715006980015,8.0,1e-10,7.999999999928464,8.000000000071536
4050,1.074321553,0.04599264323323599,1.0414203980400918,1.1072227079599084,0.6106424458999999,0.45443669170531764,0.28555802017036097,0.935726871629639,5248.793388797001,186.31619733283898,5115.510810344133,5382.07596724987,1.2956784470000005,0.04599264323323599,1.2627772920400921,1.3285796019599088,8.0,1e-10,7.999999999928464,8.000000000071536
4075,1.0753443599999999,0.045504055047107035,1.0427927199732059,1.107896000026794,0.647442688,0.34123992837833067,0.40333434864780005,0.8915510273522,5277.0163886400005,185.4745279645082,5144.335904182296,5409.696873097705,1.2946556399999998,0.045504055047107056,1.2621039999732058,1.3272072800267938,8.0,1e-10,7.999999999928464,8.000000000071536
4100,1.07568314,0.045062534762700814,1.043447344557774,1.1079189354422259,0.0257606438,0.010994868424412186,0.01789538874255687,0.03362589885744313,5307.993442860001,184.80145465183605,5175.794446044729,5440.192439675273,1.2943168600000001,0.045062534762700814,1.2620810645577742,1.326552655442226,9.0,1e-10,8.999999999928464,9.000000000071536
4125,1.0732216600000002,0.0448205416021134,1.0411589760363937,1.1052843439636066,0.6170822045,0.4465186650924649,0.2976619937893814,0.9365024152106185,5350.50743084,184.9295542378199,5218.216797101245,5482.798064578755,1.29677834,0.0448205416021134,1.2647156560363935,1.3288410239636064,9.0,1e-10,8.999999999928464,9.000000000071536
4150,1.07484368,0.04466710037085061,1.0428907612808354,1.1067965987191648,0.6905512890000001,0.43708188323593766,0.37788174536041624,1.003220832639584,5376.1938843200005,185.41313322440072,5243.557319013621,5508.83044962638,1.29515632,0.044667100370850636,1.2632034012808353,1.3271092387191648,9.0,1e-10,8.999999999928464,9.000000000071536
4175,1.07607999,0.04397470783037743,1.0446223790662927,1.1075376009337072,0.6931637383,0.426886667239212,0.38778741283135204,0.9985400637686479,5403.409961760001,183.63837948215624,5272.042978799502,5534.776944720501,1.2939200100000003,0.04397470783037743,1.262462399066293,1.3253776209337076,9.0,1e-10,8.999999999928464,9.000000000071536
4200,1.0764600500000001,0.04254449975018981,1.0460255482934044,1.1068945517065958,0.4945410943999999,0.4694092271418154,0.15874596204624264,0.8303362267537571,5434.16132995,178.7294430305473,5306.305988581042,5562.016671318959,1.29353995,0.04254449975018981,1.2631054482934043,1.3239744517065957,9.0,1e-10,8.999999999928464,9.000000000071536
4225,1.07644507,0.04271065661671722,1.0458917068314624,1.1069984331685374,0.38804137699999997,0.4102705461303441,0.094551508516725,0.6815312454832749,5466.56313418,180.49523443974698,5337.444621731998,5595.6816466280015,1.29355493,0.04271065661671722,1.2630015668314625,1.3241082931685375,9.0,1e-10,8.999999999928464,9.000000000071536
4250,1.0761406299999998,0.04326252796031526,1.045192481854622,1.1070887781453775,0.5155648150000001,0.3827577765785232,0.24175639621750178,0.7893732337824984,5500.19618187,183.9090059343001,5368.635604408026,5631.7567593319745,1.2938593700000003,0.04326252796031526,1.2629112218546226,1.324807518145378,9.0,1e-10,8.999999999928464,9.000000000071536
4275,1.07576446,0.04309738740006212,1.0449344462948522,1.1065944737051479,0.56332974435,0.40343106028444736,0.27473254929975216,0.851926939400248,5534.15116904,184.28442809516565,5402.322030742604,5665.980307337397,1.29423554,0.04309738740006212,1.2634055262948523,1.325065553705148,9.0,1e-10,8.999999999928464,9.000000000071536
4300,1.0747523100000003,0.04213993055547303,1.0446072196607807,1.1048974003392198,0.7310272792,0.3920127778866688,0.4505982313171197,1.0114563270828802,5570.860314689999,181.24384088908974,5441.206281448619,5700.514347931378,1.2952476900000003,0.04213993055547303,1.2651025996607808,1.3253927803392198,9.0,1e-10,8.999999999928464,9.000000000071536
4325,1.0737663400000002,0.041528298469243205,1.0440587848975673,1.103473895102433,0.659437443,0.3932409454172704,0.3781298169924371,0.9407450690075628,5607.50681316,179.6514187454463,5478.991930096267,5736.021696223733,1.29623366,0.041528298469243205,1.2665261048975671,1.3259412151024328,9.0,1e-10,8.999999999928464,9.000000000071536
4350,1.0732478999999997,0.04081989706935657,1.0440471047311624,1.102448695268837,0.5677898127,0.4052111115270671,0.27791924570039456,0.8576603796996054,5642.1683871000005,177.60737171377062,5515.115727196469,5769.221047003532,1.2967521000000004,0.04081989706935657,1.267551304731163,1.3259528952688378,9.0,1e-10,8.999999999928464,9.000000000071536
4375,1.0728436799999999,0.04085120000882358,1.043620491957238,1.1020668680427617,0.48976169709999995,0.36750379287724844,0.22686532090149653,0.7526580732985033,5676.35605632,178.7648508011117,5548.4753857578435,5804.236726882156,1.2971563199999998,0.04085120000882358,1.267933131957238,1.3263795080427616,9.0,1e-10,8.999999999928464,9.000000000071536
4400,1.07299176,0.040888486801384946,1.0437418985926787,1.1022416214073214,0.8626468489999999,0.24339179708526285,0.68853484610285,1.0367588518971498,5708.133264240001,179.950229972895,5579.404624501137,5836.8619039788655,1.2970082400000003,0.040888486801384946,1.267758378592679,1.3262581014073216,9.0,1e-10,8.999999999928464,9.000000000071536
4425,1.07211612,0.04017772784900157,1.0433747049177338,1.1008575350822662,0.5252881013999999,0.483061979116077,0.17972637863619706,0.8708498241638027,5744.43405288,177.82662301718068,5617.224550042435,5871.6435557175655,1.29788388,0.04017772784900157,1.2691424649177339,1.3266252950822663,9.0,1e-10,8.999999999928464,9.000000000071536
4450,1.0709133700000002,0.040474118962306446,1.0419599294879682,1.0998668105120322,0.5506866272,0.4082171699423181,0.2586656555533479,0.8427075988466519,5782.23459013,180.15030305622597,5653.36282672928,5911.106353530719,1.2990866300000001,0.040474118962306446,1.2701331894879682,1.328040070512032,9.0,1e-10,8.999999999928464,9.000000000071536
4475,1.07104301,0.040417159509379824,1.0421303158259785,1.0999557041740213,0.801365591,0.3732534560203941,0.5343561535651464,1.0683750284348537,5814.13148724,180.90720551648408,5684.718268437202,5943.544706042798,1.29895699,0.040417159509379824,1.2700442958259786,1.3278696841740214,9.0,1e-10,8.999999999928464,9.000000000071536
4500,1.07069721,0.04044805481607176,1.0417624146549749,1.0996320053450253,0.56358066,0.4011751554781072,0.27659724203213903,0.8505640779678609,5848.16185779,182.05669427713863,5717.926344263953,5978.397371316047,1.29930279,0.04044805481607176,1.2703679946549749,1.3282375853450252,9.0,1e-10,8.999999999928464,9.000000000071536
4525,1.07074722,0.040647967745130256,1.0416694155605837,1.0998250244394165,0.5383299328000001,0.4108671993939594,0.24441324428413874,0.8322466213158615,5880.41808228,183.97270156195972,5748.8119397109,6012.0242248490995,1.2992527800000002,0.040647967745130256,1.2701749755605838,1.3283305844394167,9.0,1e-10,8.999999999928464,9.000000000071536
4550,1.07000078,0.04048063265642682,1.041042679871896,1.098958880128104,0.8320319876000001,0.2936771284908057,0.6219480256137813,1.042115949586219,5916.29645022,184.22735876439836,5784.508136862486,6048.084763577514,1.2999992200000003,0.04048063265642682,1.2710411198718963,1.3289573201281044,9.0,1e-10,8.999999999928464,9.000000000071536
4575,1.0698250100000002,0.04016625158572281,1.0410918045419248,1.0985582154580755,0.679191824,0.36722046181844736,0.4164981306310808,0.9418855173689191,5949.600754240001,183.80076679876774,5818.117606391124,6081.083902088878,1.3001749900000001,0.04016625158572281,1.2714417845419248,1.3289081954580755,9.0,1e-10,8.999999999928464,9.000000000071536
4600,1.06957323,0.040904250433242355,1.0403120919697666,1.0988343680302335,0.8473453150000001,0.2567871999578482,0.6636508181499293,1.031039811850071,5983.263568769999,188.20045578334796,5848.63307302196,6117.894064518039,1.30042677,0.040904250433242355,1.2711656319697666,1.3296879080302335,9.0,1e-10,8.999999999928464,9.000000000071536
4625,1.06868053,0.040329251578604904,1.0398307213713462,1.0975303386286537,0.6873606884,0.3661580497667259,0.425426998829247,0.949294377970753,6019.90386822,186.56311734012604,5886.4446538347,6153.3630826052995,1.3013194700000001,0.040329251578604904,1.2724696613713464,1.3301692786286539,9.0,1e-10,8.999999999928464,9.000000000071536
4650,1.06931071,0.040391461928363064,1.0404163987680253,1.098205021231975,0.6560485929000001,0.4383966452979934,0.34243852513964024,0.9696586606603599,6049.50588779,187.86068896381633,5915.1184465827255,6183.893328997275,1.3006892900000002,0.040391461928363064,1.2717949787680254,1.329583601231975,9.0,1e-10,8.999999999928464,9.000000000071536
4675,1.0693265099999998,0.03979243407292879,1.0408607174812676,1.097792302518732,0.6599438405,0.4346363621078831,0.34902371728802295,0.970863963711977,6081.949239240001,186.06942125751462,5948.843193756839,6215.055284723162,1.30067349,0.03979243407292879,1.2722076974812682,1.329139282518732,9.0,1e-10,8.999999999928464,9.000000000071536
4700,1.0717474200000001,0.040138825761745524,1.0430338337945084,1.1004610062054918,0.8641006429999999,0.2060531461367387,0.7166991019178293,1.0115021840821705,6103.085378580001,188.69261943596567,5968.102810164202,6238.0679469957995,1.2982525800000002,0.040138825761745524,1.2695389937945085,1.326966166205492,9.0,1e-10,8.999999999928464,9.000000000071536
4725,1.07231688,0.03995774901690257,1.0437328282944391,1.100900931705561,0.5097497713000001,0.4498997742514069,0.18791086080275293,0.8315886817972473,6132.850425120001,188.84032138138133,5997.762197097527,6267.938653142475,1.29768312,0.03995774901690257,1.2690990682944392,1.326267171705561,9.0,1e-10,8.999999999928464,9.000000000071536
4750,1.07263055,0.03977699144774183,1.0441758044698415,1.1010852955301584,0.8781247050000001,0.1534169794417647,0.7683768092659499,0.9878726007340503,6163.802256950001,188.98048589322164,6028.613761276012,6298.9907526239895,1.2973694500000001,0.03977699144774183,1.2689147044698417,1.3258241955301586,9.0,1e-10,8.999999999928464,9.000000000071536
4775,1.07424469,0.038795070598208976,1.0464923683306537,1.1019970116693463,0.7063131537300001,0.42506879644455525,0.40223725468843935,1.0103890527715609,6188.52736056,185.28525669954612,6055.982272608784,6321.072448511215,1.29575531,0.038795070598208976,1.2680029883306538,1.3235076316693464,9.0,1e-10,8.999999999928464,9.000000000071536
4800,1.0769906399999998,0.038755883448874394,1.0492663511285545,1.104714928871445,0.817321888,0.345757606680803,0.5699817962752544,1.0646619797247456,6207.737937360001,186.06699595804568,6074.633626831564,6340.842247888438,1.29300936,0.038755883448874394,1.2652850711285548,1.3207336488714454,9.0,1e-10,8.999999999928464,9.000000000071536
4825,1.07922269,0.03817691488595844,1.051912570288366,1.1065328097116338,0.7740336275,0.34282899634554675,0.528788537403424,1.019278717596576,6229.29129806,184.24179075713522,6097.492660676815,6361.089935443186,1.29077731,0.03817691488595844,1.263467190288366,1.3180874297116338,9.0,1e-10,8.999999999928464,9.000000000071536
4850,1.08116819,0.038481617870753035,1.053640098903929,1.1086962810960712,0.7950650791999999,0.38667962592856964,0.5184511384008403,1.0716790199991595,6252.12311031,186.67432780602283,6118.584340749907,6385.661879870093,1.28883181,0.038481617870753035,1.261303718903929,1.3163599010960711,9.0,1e-10,8.999999999928464,9.000000000071536
4875,1.08247754,0.03844320539167955,1.054976927536109,1.109978152463891,0.8033754054,0.34455951460264167,0.5568923771173341,1.0498584336826657,6277.959514960001,187.44906900232968,6143.866528934804,6412.052500985198,1.2875224600000001,0.03844320539167955,1.2600218475361091,1.3150230724638912,9.0,1e-10,8.999999999928464,9.000000000071536
4900,1.08345367,0.03928197699829123,1.0553530364748023,1.1115543035251976,0.7974471137,0.33695017763110524,0.556407477169643,1.038486750230357,6305.36356333,192.52096877862544,6167.642358773531,6443.084767886469,1.2865463300000002,0.03928197699829123,1.2584456964748025,1.3146469635251978,9.0,1e-10,8.999999999928464,9.000000000071536
4925,1.08476897,0.03996342788377493,1.056180855877804,1.113357084122196,0.9045212859999999,0.23085918273884365,0.7393745753252012,1.0696679966747986,6331.048053780001,196.85984526297528,6190.223003966377,6471.873103593625,1.28523103,0.03996342788377493,1.256642915877804,1.313819144122196,9.0,1e-10,8.999999999928464,9.000000000071536
4950,1.08559746,0.04030645252575106,1.0567639608312545,1.1144309591687456,0.5535047469,0.4369694274542797,0.24091564928043946,0.8660938445195605,6359.076975540001,199.5572459599934,6216.322321509643,6501.831629570358,1.2844025399999999,0.04030645252575106,1.2555690408312543,1.3132360391687454,9.0,1e-10,8.999999999928464,9.000000000071536
4975,1.08649454,0.03939000224375328,1.0583166298694437,1.114672450130556,0.4100606459400001,0.4848851504258851,0.06319470498899132,0.7569265868910089,6386.72316896,196.00465066741626,6246.5098885062425,6526.936449413758,1.2835054600000002,0.03939000224375328,1.255327549869444,1.3116833701305564,9.0,1e-10,8.999999999928464,9.000000000071536
4999,1.08890949,0.03867920107392134,1.0612400563950422,1.116578923604958,0.38069636042000005,0.45682975773807216,0.05390003837742957,0.7074926824625705,6405.45255,193.3960048697063,6267.105382332818,6543.7997176671815,1.2810905100000003,0.03867920107392134,1.2534210763950424,1.3087599436049582,9.0,1e-10,8.999999999928464,9.000000000071536
